{
    "0": {
        "precision": 0.9710596503111638,
        "recall": 0.9962473614260027,
        "f1-score": 0.9834922649470037,
        "support": 115119.0
    },
    "1": {
        "precision": 0.9626265247858812,
        "recall": 0.7650051564111379,
        "f1-score": 0.8525130248237818,
        "support": 14545.0
    },
    "accuracy": 0.9703078726554788,
    "macro avg": {
        "precision": 0.9668430875485226,
        "recall": 0.8806262589185703,
        "f1-score": 0.9180026448853927,
        "support": 129664.0
    },
    "weighted avg": {
        "precision": 0.9701136683056324,
        "recall": 0.9703078726554788,
        "f1-score": 0.9687997284866735,
        "support": 129664.0
    }
}