{
    "0": {
        "precision": 0.970815891319801,
        "recall": 0.9965138432850946,
        "f1-score": 0.9834970294653037,
        "support": 24669.0
    },
    "1": {
        "precision": 0.9650974025974026,
        "recall": 0.7629130574270132,
        "f1-score": 0.8521770292062354,
        "support": 3117.0
    },
    "accuracy": 0.9703087885985748,
    "macro avg": {
        "precision": 0.9679566469586018,
        "recall": 0.879713450356054,
        "f1-score": 0.9178370293357696,
        "support": 27786.0
    },
    "weighted avg": {
        "precision": 0.9701743981452629,
        "recall": 0.9703087885985748,
        "f1-score": 0.9687657100667751,
        "support": 27786.0
    }
}