{
    "0": {
        "precision": 0.9891090302616244,
        "recall": 0.9976894077587255,
        "f1-score": 0.9933806909912819,
        "support": 24669.0
    },
    "1": {
        "precision": 0.9286608260325406,
        "recall": 0.7324777887462981,
        "f1-score": 0.8189845474613686,
        "support": 1013.0
    },
    "accuracy": 0.9872284090024142,
    "macro avg": {
        "precision": 0.9588849281470826,
        "recall": 0.8650835982525118,
        "f1-score": 0.9061826192263253,
        "support": 25682.0
    },
    "weighted avg": {
        "precision": 0.9867247131958171,
        "recall": 0.9872284090024142,
        "f1-score": 0.9865018149926914,
        "support": 25682.0
    }
}