{
    "0": {
        "precision": 0.9707798617966437,
        "recall": 0.9965949166970692,
        "f1-score": 0.9835180221626595,
        "support": 24669.0
    },
    "1": {
        "precision": 0.9658675335229582,
        "recall": 0.7625922361244787,
        "f1-score": 0.8522768017210469,
        "support": 3117.0
    },
    "accuracy": 0.970344777945728,
    "macro avg": {
        "precision": 0.9683236976598009,
        "recall": 0.879593576410774,
        "f1-score": 0.9178974119418533,
        "support": 27786.0
    },
    "weighted avg": {
        "precision": 0.9702288027298805,
        "recall": 0.970344777945728,
        "f1-score": 0.9687955401891294,
        "support": 27786.0
    }
}