{
    "0": {
        "precision": 0.9403445909887932,
        "recall": 1.0,
        "f1-score": 0.9692552501817182,
        "support": 24669.0
    },
    "1": {
        "precision": 1.0,
        "recall": 0.4979146615335258,
        "f1-score": 0.6648104519168987,
        "support": 3117.0
    },
    "accuracy": 0.9436766717051752,
    "macro avg": {
        "precision": 0.9701722954943965,
        "recall": 0.748957330766763,
        "f1-score": 0.8170328510493085,
        "support": 27786.0
    },
    "weighted avg": {
        "precision": 0.9470366628914755,
        "recall": 0.9436766717051752,
        "f1-score": 0.9351029995450147,
        "support": 27786.0
    }
}