{
    "0": {
        "precision": 0.9890317396544797,
        "recall": 0.9978920912886619,
        "f1-score": 0.9934421598498759,
        "support": 24669.0
    },
    "1": {
        "precision": 0.9343434343434344,
        "recall": 0.7305034550839091,
        "f1-score": 0.8199445983379502,
        "support": 1013.0
    },
    "accuracy": 0.9873452223347091,
    "macro avg": {
        "precision": 0.961687586998957,
        "recall": 0.8641977731862855,
        "f1-score": 0.9066933790939131,
        "support": 25682.0
    },
    "weighted avg": {
        "precision": 0.9868746158603792,
        "recall": 0.9873452223347091,
        "f1-score": 0.9865987274921321,
        "support": 25682.0
    }
}