{
    "0": {
        "precision": 0.9900104728913236,
        "recall": 0.9963111597551583,
        "f1-score": 0.9931508233154864,
        "support": 24669.0
    },
    "1": {
        "precision": 0.8936915887850467,
        "recall": 0.7551826258637709,
        "f1-score": 0.8186195826645265,
        "support": 1013.0
    },
    "accuracy": 0.9868000934506659,
    "macro avg": {
        "precision": 0.9418510308381851,
        "recall": 0.8757468928094646,
        "f1-score": 0.9058852029900064,
        "support": 25682.0
    },
    "weighted avg": {
        "precision": 0.9862112738569938,
        "recall": 0.9868000934506659,
        "f1-score": 0.9862666185503036,
        "support": 25682.0
    }
}