{
    "0": {
        "precision": 0.9881143591390941,
        "recall": 0.9975272609347764,
        "f1-score": 0.992798499183023,
        "support": 24669.0
    },
    "1": {
        "precision": 0.9215938303341902,
        "recall": 0.7077986179664363,
        "f1-score": 0.8006700167504187,
        "support": 1013.0
    },
    "accuracy": 0.9860992134568959,
    "macro avg": {
        "precision": 0.9548540947366422,
        "recall": 0.8526629394506063,
        "f1-score": 0.8967342579667208,
        "support": 25682.0
    },
    "weighted avg": {
        "precision": 0.9854905254937639,
        "recall": 0.9860992134568959,
        "f1-score": 0.9852201893666447,
        "support": 25682.0
    }
}