{
    "0": {
        "precision": 0.9709589474100122,
        "recall": 0.9961490129312092,
        "f1-score": 0.9833926927848253,
        "support": 24669.0
    },
    "1": {
        "precision": 0.9616471538150989,
        "recall": 0.7641963426371511,
        "f1-score": 0.8516267429388631,
        "support": 3117.0
    },
    "accuracy": 0.9701288418628086,
    "macro avg": {
        "precision": 0.9663030506125556,
        "recall": 0.8801726777841801,
        "f1-score": 0.9175097178618442,
        "support": 27786.0
    },
    "weighted avg": {
        "precision": 0.9699143616245323,
        "recall": 0.9701288418628086,
        "f1-score": 0.9686113472989741,
        "support": 27786.0
    }
}