{
    "0": {
        "precision": 0.9903250617333927,
        "recall": 0.9916899752726094,
        "f1-score": 0.9910070485295309,
        "support": 24669.0
    },
    "1": {
        "precision": 0.7906026557711952,
        "recall": 0.7640671273445212,
        "f1-score": 0.7771084337349398,
        "support": 1013.0
    },
    "accuracy": 0.9827116268203411,
    "macro avg": {
        "precision": 0.890463858752294,
        "recall": 0.8778785513085653,
        "f1-score": 0.8840577411322353,
        "support": 25682.0
    },
    "weighted avg": {
        "precision": 0.9824472174362312,
        "recall": 0.9827116268203411,
        "f1-score": 0.9825700382971924,
        "support": 25682.0
    }
}