{
    "0": {
        "precision": 0.9881129271916791,
        "recall": 0.9974056508168146,
        "f1-score": 0.9927375428686706,
        "support": 24669.0
    },
    "1": {
        "precision": 0.9180537772087067,
        "recall": 0.7077986179664363,
        "f1-score": 0.7993311036789298,
        "support": 1013.0
    },
    "accuracy": 0.9859824001246009,
    "macro avg": {
        "precision": 0.9530833522001929,
        "recall": 0.8526021343916255,
        "f1-score": 0.8960343232738002,
        "support": 25682.0
    },
    "weighted avg": {
        "precision": 0.9853495162839323,
        "recall": 0.9859824001246009,
        "f1-score": 0.9851088253661704,
        "support": 25682.0
    }
}