{
    "0": {
        "precision": 0.9882716793187935,
        "recall": 0.9974056508168146,
        "f1-score": 0.9928176572650608,
        "support": 24669.0
    },
    "1": {
        "precision": 0.9184713375796179,
        "recall": 0.7117472852912142,
        "f1-score": 0.8020022246941045,
        "support": 1013.0
    },
    "accuracy": 0.9861381512343276,
    "macro avg": {
        "precision": 0.9533715084492056,
        "recall": 0.8545764680540144,
        "f1-score": 0.8974099409795826,
        "support": 25682.0
    },
    "weighted avg": {
        "precision": 0.9855184768352726,
        "recall": 0.9861381512343276,
        "f1-score": 0.9852911393461146,
        "support": 25682.0
    }
}