{
    "0": {
        "precision": 0.9708519293810972,
        "recall": 0.9964327698731201,
        "f1-score": 0.9834760342482196,
        "support": 24669.0
    },
    "1": {
        "precision": 0.9643291447101743,
        "recall": 0.7632338787295476,
        "f1-score": 0.8520773638968482,
        "support": 3117.0
    },
    "accuracy": 0.9702727992514216,
    "macro avg": {
        "precision": 0.9675905370456357,
        "recall": 0.8798333243013339,
        "f1-score": 0.9177766990725339,
        "support": 27786.0
    },
    "weighted avg": {
        "precision": 0.9701202112561687,
        "recall": 0.9702727992514216,
        "f1-score": 0.9687358897335279,
        "support": 27786.0
    }
}