{
    "0": {
        "precision": 0.972574508560558,
        "recall": 0.9947707649276419,
        "f1-score": 0.9835474238993207,
        "support": 24669.0
    },
    "1": {
        "precision": 0.9494909945184025,
        "recall": 0.7779916586461341,
        "f1-score": 0.8552283547875155,
        "support": 3117.0
    },
    "accuracy": 0.9704527459871878,
    "macro avg": {
        "precision": 0.9610327515394803,
        "recall": 0.886381211786888,
        "f1-score": 0.9193878893434181,
        "support": 27786.0
    },
    "weighted avg": {
        "precision": 0.9699850277691741,
        "recall": 0.9704527459871878,
        "f1-score": 0.9691527453410002,
        "support": 27786.0
    }
}