{
    "0": {
        "precision": 0.9727222266275474,
        "recall": 0.9945275446917183,
        "f1-score": 0.983504038804594,
        "support": 24669.0
    },
    "1": {
        "precision": 0.9473478939157566,
        "recall": 0.779274943856272,
        "f1-score": 0.8551311388839993,
        "support": 3117.0
    },
    "accuracy": 0.9703807672928813,
    "macro avg": {
        "precision": 0.960035060271652,
        "recall": 0.8869012442739952,
        "f1-score": 0.9193175888442966,
        "support": 27786.0
    },
    "weighted avg": {
        "precision": 0.9698757645580645,
        "recall": 0.9703807672928813,
        "f1-score": 0.9691033215710054,
        "support": 27786.0
    }
}