{
    "0": {
        "precision": 0.9881941934706662,
        "recall": 0.9975677976407638,
        "f1-score": 0.9928588719438393,
        "support": 24669.0
    },
    "1": {
        "precision": 0.9229781771501926,
        "recall": 0.7097729516288253,
        "f1-score": 0.8024553571428571,
        "support": 1013.0
    },
    "accuracy": 0.9862160267891908,
    "macro avg": {
        "precision": 0.9555861853104294,
        "recall": 0.8536703746347944,
        "f1-score": 0.8976571145433482,
        "support": 25682.0
    },
    "weighted avg": {
        "precision": 0.9856218149747298,
        "recall": 0.9862160267891908,
        "f1-score": 0.9853486016964522,
        "support": 25682.0
    }
}