{
    "0": {
        "precision": 0.9726108842998137,
        "recall": 0.9946896915156674,
        "f1-score": 0.9835263938434406,
        "support": 24669.0
    },
    "1": {
        "precision": 0.9487680876026594,
        "recall": 0.7783124799486686,
        "f1-score": 0.8551286570320762,
        "support": 3117.0
    },
    "accuracy": 0.9704167566400346,
    "macro avg": {
        "precision": 0.9606894859512365,
        "recall": 0.886501085732168,
        "f1-score": 0.9193275254377584,
        "support": 27786.0
    },
    "weighted avg": {
        "precision": 0.9699362280950692,
        "recall": 0.9704167566400346,
        "f1-score": 0.969122890437372,
        "support": 27786.0
    }
}