{
    "0": {
        "precision": 0.9708530805687203,
        "recall": 0.9964733065791074,
        "f1-score": 0.9834963692012243,
        "support": 24669.0
    },
    "1": {
        "precision": 0.9647201946472019,
        "recall": 0.7632338787295476,
        "f1-score": 0.8522299838796346,
        "support": 3117.0
    },
    "accuracy": 0.9703087885985748,
    "macro avg": {
        "precision": 0.9677866376079611,
        "recall": 0.8798535926543275,
        "f1-score": 0.9178631765404295,
        "support": 27786.0
    },
    "weighted avg": {
        "precision": 0.9701651008157017,
        "recall": 0.9703087885985748,
        "f1-score": 0.9687710642617802,
        "support": 27786.0
    }
}