{
    "0": {
        "precision": 0.9682508458572665,
        "recall": 0.9976488710527383,
        "f1-score": 0.9827300497134985,
        "support": 24669.0
    },
    "1": {
        "precision": 0.9755067567567568,
        "recall": 0.7410972088546679,
        "f1-score": 0.8422971741112124,
        "support": 3117.0
    },
    "accuracy": 0.9688692147124451,
    "macro avg": {
        "precision": 0.9718788013070117,
        "recall": 0.8693730399537031,
        "f1-score": 0.9125136119123555,
        "support": 27786.0
    },
    "weighted avg": {
        "precision": 0.9690648051991549,
        "recall": 0.9688692147124451,
        "f1-score": 0.966976458939284,
        "support": 27786.0
    }
}