{
    "0": {
        "precision": 0.9708914254117461,
        "recall": 0.9964733065791074,
        "f1-score": 0.9835160438505242,
        "support": 24669.0
    },
    "1": {
        "precision": 0.9647344953384678,
        "recall": 0.7635547000320821,
        "f1-score": 0.8524355300859598,
        "support": 3117.0
    },
    "accuracy": 0.970344777945728,
    "macro avg": {
        "precision": 0.9678129603751069,
        "recall": 0.8800140033055948,
        "f1-score": 0.917975786968242,
        "support": 27786.0
    },
    "weighted avg": {
        "precision": 0.9702007484147546,
        "recall": 0.970344777945728,
        "f1-score": 0.9688115897583862,
        "support": 27786.0
    }
}