{
    "0": {
        "precision": 0.9714059719201107,
        "recall": 0.995662572459362,
        "f1-score": 0.9833847139368219,
        "support": 24669.0
    },
    "1": {
        "precision": 0.9572171131547381,
        "recall": 0.7680461982675649,
        "f1-score": 0.8522605909576362,
        "support": 3117.0
    },
    "accuracy": 0.9701288418628086,
    "macro avg": {
        "precision": 0.9643115425374245,
        "recall": 0.8818543853634635,
        "f1-score": 0.917822652447229,
        "support": 27786.0
    },
    "weighted avg": {
        "precision": 0.9698142828402985,
        "recall": 0.9701288418628086,
        "f1-score": 0.9686753678155335,
        "support": 27786.0
    }
}