{
    "0": {
        "precision": 0.9605544955414509,
        "recall": 1.0,
        "f1-score": 0.9798804345667242,
        "support": 24668.0
    },
    "1": {
        "precision": 0.0,
        "recall": 0.0,
        "f1-score": 0.0,
        "support": 1013.0
    },
    "accuracy": 0.9605544955414509,
    "macro avg": {
        "precision": 0.48027724777072545,
        "recall": 0.5,
        "f1-score": 0.4899402172833621,
        "support": 25681.0
    },
    "weighted avg": {
        "precision": 0.9226649389048912,
        "recall": 0.9605544955414509,
        "f1-score": 0.9412285565161775,
        "support": 25681.0
    }
}