{
    "0": {
        "precision": 0.9710741352301113,
        "recall": 0.9961778681190768,
        "f1-score": 0.9834658296671727,
        "support": 115119.0
    },
    "1": {
        "precision": 0.9619673264759271,
        "recall": 0.7651426607081472,
        "f1-score": 0.8523397411350233,
        "support": 14545.0
    },
    "accuracy": 0.9702615992102666,
    "macro avg": {
        "precision": 0.9665207308530193,
        "recall": 0.880660264413612,
        "f1-score": 0.9179027854010979,
        "support": 129664.0
    },
    "weighted avg": {
        "precision": 0.9700525831159577,
        "recall": 0.9702615992102666,
        "f1-score": 0.9687568205536167,
        "support": 129664.0
    }
}