{
    "0": {
        "precision": 0.9891487822522306,
        "recall": 0.9976894077587255,
        "f1-score": 0.9934007386329237,
        "support": 24669.0
    },
    "1": {
        "precision": 0.92875,
        "recall": 0.7334649555774926,
        "f1-score": 0.8196359624931053,
        "support": 1013.0
    },
    "accuracy": 0.9872673467798458,
    "macro avg": {
        "precision": 0.9589493911261153,
        "recall": 0.865577181668109,
        "f1-score": 0.9065183505630146,
        "support": 25682.0
    },
    "weighted avg": {
        "precision": 0.9867664145853233,
        "recall": 0.9872673467798458,
        "f1-score": 0.9865467662698041,
        "support": 25682.0
    }
}