{
    "0": {
        "precision": 0.9707787079450324,
        "recall": 0.9965543799910819,
        "f1-score": 0.9834976896765547,
        "support": 24669.0
    },
    "1": {
        "precision": 0.9654752233956133,
        "recall": 0.7625922361244787,
        "f1-score": 0.8521240365656928,
        "support": 3117.0
    },
    "accuracy": 0.9703087885985748,
    "macro avg": {
        "precision": 0.9681269656703229,
        "recall": 0.8795733080577803,
        "f1-score": 0.9178108631211237,
        "support": 27786.0
    },
    "weighted avg": {
        "precision": 0.9701837694385708,
        "recall": 0.9703087885985748,
        "f1-score": 0.9687603515657595,
        "support": 27786.0
    }
}