{
    "0": {
        "precision": 0.9723923514071406,
        "recall": 0.994371042139004,
        "f1-score": 0.9832588902250472,
        "support": 115119.0
    },
    "1": {
        "precision": 0.945742275810098,
        "recall": 0.7765555173599175,
        "f1-score": 0.8528390214436726,
        "support": 14545.0
    },
    "accuracy": 0.9699376850937809,
    "macro avg": {
        "precision": 0.9590673136086193,
        "recall": 0.8854632797494607,
        "f1-score": 0.9180489558343599,
        "support": 129664.0
    },
    "weighted avg": {
        "precision": 0.9694028913445251,
        "recall": 0.9699376850937809,
        "f1-score": 0.9686291009895994,
        "support": 129664.0
    }
}