{
    "0": {
        "precision": 0.9892671945974193,
        "recall": 0.997608334346751,
        "f1-score": 0.993420255923788,
        "support": 24669.0
    },
    "1": {
        "precision": 0.9267080745341615,
        "recall": 0.736426456071076,
        "f1-score": 0.8206820682068207,
        "support": 1013.0
    },
    "accuracy": 0.9873062845572774,
    "macro avg": {
        "precision": 0.9579876345657904,
        "recall": 0.8670173952089135,
        "f1-score": 0.9070511620653043,
        "support": 25682.0
    },
    "weighted avg": {
        "precision": 0.9867996146338619,
        "recall": 0.9873062845572774,
        "f1-score": 0.9866067762821211,
        "support": 25682.0
    }
}