{
    "0": {
        "precision": 0.9708542316654161,
        "recall": 0.9965138432850946,
        "f1-score": 0.9835167033406681,
        "support": 24669.0
    },
    "1": {
        "precision": 0.9651115618661258,
        "recall": 0.7632338787295476,
        "f1-score": 0.8523826585453242,
        "support": 3117.0
    },
    "accuracy": 0.970344777945728,
    "macro avg": {
        "precision": 0.9679828967657709,
        "recall": 0.8798738610073211,
        "f1-score": 0.9179496809429961,
        "support": 27786.0
    },
    "weighted avg": {
        "precision": 0.9702100258868086,
        "recall": 0.970344777945728,
        "f1-score": 0.968806244201998,
        "support": 27786.0
    }
}